{
  "execution_info": {
    "duration_ms": 4
  },
  "performance": {
    "final_balance": 100.01867281925736,
    "losing_trades": 11,
    "max_drawdown": 0.0004673406484196538,
    "profit_factor": 1.368720350360852,
    "risk_reward_ratio": 7.527961926984687,
    "sharpe_ratio": 0.0,
    "sortino_ratio": 0.0,
    "total_profit": 0.018672819257358184,
    "total_trades": 13,
    "win_rate": 0.15384615384615385,
    "winning_trades": 2
  },
  "strategy_config": {
    "fib_initial": 0.5,
    "fib_limit1": 0.0,
    "fib_limit2": 0.618,
    "fib_sl": 2.618,
    "fib_threshold": 0.38740558424790195,
    "fib_tp": 1.0,
    "initial_balance": 100.0,
    "leverage": 5.0,
    "max_risk_per_trade": 0.02,
    "min_signal_strength": 0.5,
    "name": "final_backtest",
    "pivot_lookback": 5,
    "signal_lookback": 1
  }
}