{
  "execution_info": {
    "duration_ms": 10
  },
  "performance": {
    "final_balance": 403.45596593073907,
    "losing_trades": 35,
    "max_drawdown": 0.17915674385774846,
    "profit_factor": 8.373953365577586,
    "risk_reward_ratio": 10.106495441214328,
    "sharpe_ratio": 8.104423917359131,
    "sortino_ratio": -1.4124297613817434,
    "total_profit": 303.45596593073907,
    "total_trades": 64,
    "win_rate": 0.453125,
    "winning_trades": 29
  },
  "strategy_config": {
    "fib_initial": 0.618,
    "fib_limit1": 0.618,
    "fib_limit2": 1.0,
    "fib_sl": 0.5,
    "fib_threshold": 1.6156818181818164,
    "fib_tp": 1.0,
    "initial_balance": 100.0,
    "leverage": 20.0,
    "max_risk_per_trade": 0.02,
    "pivot_lookback": 13,
    "signal_lookback": 1
  }
}