{
  "execution_info": {
    "duration_ms": 5
  },
  "performance": {
    "final_balance": 136.41649302735289,
    "losing_trades": 6,
    "max_drawdown": 0.029919892534613787,
    "profit_factor": 4.393019206495359,
    "risk_reward_ratio": 2.1965096032476796,
    "sharpe_ratio": 8.69604572901948,
    "sortino_ratio": -6.098160132075466,
    "total_profit": 36.4164930273529,
    "total_trades": 18,
    "win_rate": 0.6666666666666666,
    "winning_trades": 12
  },
  "strategy_config": {
    "fib_initial": 0.618,
    "fib_limit1": 0.618,
    "fib_limit2": 1.0,
    "fib_sl": 0.5,
    "fib_threshold": 2.6690339643652576,
    "fib_tp": 1.0,
    "initial_balance": 100.0,
    "leverage": 20.0,
    "max_risk_per_trade": 0.02,
    "pivot_lookback": 5,
    "signal_lookback": 1
  }
}