{
  "execution_info": {
    "duration_ms": 13
  },
  "performance": {
    "final_balance": 139.2928758478011,
    "losing_trades": 4,
    "max_drawdown": 0.038553991232012884,
    "profit_factor": 5.058186781521707,
    "risk_reward_ratio": 2.890392446583833,
    "sharpe_ratio": 0.0,
    "sortino_ratio": 0.0,
    "total_profit": 39.29287584780109,
    "total_trades": 11,
    "win_rate": 0.6363636363636364,
    "winning_trades": 7
  },
  "strategy_config": {
    "fib_initial": 0.5,
    "fib_limit1": 0.786,
    "fib_limit2": 1.414,
    "fib_sl": 0.618,
    "fib_threshold": 0.040162869318181825,
    "fib_tp": 1.414,
    "initial_balance": 100.0,
    "leverage": 10.0,
    "max_risk_per_trade": 0.02,
    "min_signal_strength": 0.5,
    "name": "final_backtest",
    "pivot_lookback": 13,
    "signal_lookback": 1
  }
}