{
  "execution_info": {
    "duration_ms": 18
  },
  "performance": {
    "final_balance": 216.28391360166592,
    "losing_trades": 100,
    "max_drawdown": 0.10653375319448566,
    "profit_factor": 1.4458824668223829,
    "risk_reward_ratio": 0.32202282111857083,
    "sharpe_ratio": 0.0,
    "sortino_ratio": 0.0,
    "total_profit": 116.2839136016659,
    "total_trades": 549,
    "win_rate": 0.8178506375227687,
    "winning_trades": 449
  },
  "strategy_config": {
    "fib_initial": 0.382,
    "fib_limit1": 0.618,
    "fib_limit2": 1.0,
    "fib_sl": 0.5,
    "fib_threshold": 0.010813084874863972,
    "fib_tp": 1.0,
    "initial_balance": 100.0,
    "leverage": 20.0,
    "max_risk_per_trade": 0.02,
    "min_signal_strength": 0.5,
    "name": "final_backtest",
    "pivot_lookback": 2,
    "signal_lookback": 1
  }
}