{
  "execution_info": {
    "duration_ms": 12
  },
  "performance": {
    "final_balance": 127.28473831924978,
    "losing_trades": 33,
    "max_drawdown": 0.054992359522841434,
    "profit_factor": 1.6312827086014954,
    "risk_reward_ratio": 0.6117310157255607,
    "sharpe_ratio": 0.0,
    "sortino_ratio": 0.0,
    "total_profit": 27.284738319249776,
    "total_trades": 121,
    "win_rate": 0.7272727272727273,
    "winning_trades": 88
  },
  "strategy_config": {
    "fib_initial": 0.382,
    "fib_limit1": 0.618,
    "fib_limit2": 1.0,
    "fib_sl": 0.5,
    "fib_threshold": 0.03517830379746836,
    "fib_tp": 1.414,
    "initial_balance": 100.0,
    "leverage": 10.0,
    "max_risk_per_trade": 0.02,
    "min_signal_strength": 0.5,
    "name": "final_backtest",
    "pivot_lookback": 5,
    "signal_lookback": 1
  }
}