{
  "execution_info": {
    "duration_ms": 6
  },
  "performance": {
    "final_balance": 244.01331419271685,
    "losing_trades": 8,
    "max_drawdown": 0.031050021205312445,
    "profit_factor": 8.864938113911169,
    "risk_reward_ratio": 3.545975245564468,
    "sharpe_ratio": 9.434541151617092,
    "sortino_ratio": -2.1255690280583206,
    "total_profit": 144.01331419271685,
    "total_trades": 28,
    "win_rate": 0.7142857142857143,
    "winning_trades": 20
  },
  "strategy_config": {
    "fib_initial": 0.618,
    "fib_limit1": 0.786,
    "fib_limit2": 1.0,
    "fib_sl": 0.618,
    "fib_threshold": 0.042053131749460064,
    "fib_tp": 1.0,
    "initial_balance": 100.0,
    "leverage": 20.0,
    "max_risk_per_trade": 0.02,
    "pivot_lookback": 8,
    "signal_lookback": 1
  }
}