{
  "execution_info": {
    "duration_ms": 9
  },
  "performance": {
    "final_balance": 100.01074725173305,
    "losing_trades": 4,
    "max_drawdown": 0.00025678630773214196,
    "profit_factor": 1.2533122019759948,
    "risk_reward_ratio": 2.5066244039519896,
    "sharpe_ratio": 0.0,
    "sortino_ratio": 0.0,
    "total_profit": 0.010747251733045884,
    "total_trades": 6,
    "win_rate": 0.3333333333333333,
    "winning_trades": 2
  },
  "strategy_config": {
    "fib_initial": 0.5,
    "fib_limit1": 0.0,
    "fib_limit2": 0.618,
    "fib_sl": 2.618,
    "fib_threshold": 0.019300445049954602,
    "fib_tp": 1.618,
    "initial_balance": 100.0,
    "leverage": 10.0,
    "max_risk_per_trade": 0.02,
    "min_signal_strength": 0.5,
    "name": "final_backtest",
    "pivot_lookback": 8,
    "signal_lookback": 1
  }
}