{
  "execution_info": {
    "duration_ms": 10
  },
  "performance": {
    "final_balance": 121.12998121162528,
    "losing_trades": 2,
    "max_drawdown": 0.02514135931790415,
    "profit_factor": 5.457208257160476,
    "risk_reward_ratio": 0.6821510321450595,
    "sharpe_ratio": 0.0,
    "sortino_ratio": 0.0,
    "total_profit": 21.12998121162527,
    "total_trades": 18,
    "win_rate": 0.8888888888888888,
    "winning_trades": 16
  },
  "strategy_config": {
    "fib_initial": 0.382,
    "fib_limit1": 0.786,
    "fib_limit2": 1.0,
    "fib_sl": 0.618,
    "fib_threshold": 0.014475333787465952,
    "fib_tp": 1.618,
    "initial_balance": 100.0,
    "leverage": 10.0,
    "max_risk_per_trade": 0.02,
    "min_signal_strength": 0.5,
    "name": "final_backtest",
    "pivot_lookback": 8,
    "signal_lookback": 1
  }
}