{
  "execution_info": {
    "duration_ms": 5
  },
  "performance": {
    "final_balance": 249.8082035778984,
    "losing_trades": 2,
    "max_drawdown": 0.01613089930732833,
    "profit_factor": 29.42369297107916,
    "risk_reward_ratio": 4.903948828513193,
    "sharpe_ratio": 20.331223475056806,
    "sortino_ratio": -1.873240471454148,
    "total_profit": 149.8082035778984,
    "total_trades": 14,
    "win_rate": 0.8571428571428571,
    "winning_trades": 12
  },
  "strategy_config": {
    "fib_initial": 0.618,
    "fib_limit1": 0.786,
    "fib_limit2": 1.0,
    "fib_sl": 0.618,
    "fib_threshold": 0.00006761914062500004,
    "fib_tp": 1.0,
    "initial_balance": 100.0,
    "leverage": 20.0,
    "max_risk_per_trade": 0.02,
    "pivot_lookback": 5,
    "signal_lookback": 1
  }
}