{
  "execution_info": {
    "duration_ms": 2
  },
  "performance": {
    "final_balance": 98.03421428482298,
    "losing_trades": 4,
    "max_drawdown": 0.02011612506865088,
    "profit_factor": 0.025915970412990163,
    "risk_reward_ratio": 0.034554627217320215,
    "sharpe_ratio": 0.0,
    "sortino_ratio": 0.0,
    "total_profit": -1.965785715177014,
    "total_trades": 7,
    "win_rate": 0.42857142857142855,
    "winning_trades": 3
  },
  "strategy_config": {
    "fib_initial": 0.618,
    "fib_limit1": 0.0,
    "fib_limit2": 0.618,
    "fib_sl": 3.236,
    "fib_threshold": 0.16743914055884848,
    "fib_tp": 1.618,
    "initial_balance": 100.0,
    "leverage": 10.0,
    "max_risk_per_trade": 0.02,
    "min_signal_strength": 0.5,
    "name": "final_backtest",
    "pivot_lookback": 5,
    "signal_lookback": 1
  }
}