{
  "execution_info": {
    "duration_ms": 1
  },
  "performance": {
    "final_balance": 100.00193098389109,
    "losing_trades": 2,
    "max_drawdown": 0.00015438769606737832,
    "profit_factor": 1.1250519659009608,
    "risk_reward_ratio": 2.2501039318019216,
    "sharpe_ratio": 0.0,
    "sortino_ratio": 0.0,
    "total_profit": 0.0019309838910811228,
    "total_trades": 3,
    "win_rate": 0.3333333333333333,
    "winning_trades": 1
  },
  "strategy_config": {
    "fib_initial": 0.382,
    "fib_limit1": 0.0,
    "fib_limit2": 0.618,
    "fib_sl": 3.236,
    "fib_threshold": 18.86053595658078,
    "fib_tp": 1.414,
    "initial_balance": 100.0,
    "leverage": 10.0,
    "max_risk_per_trade": 0.02,
    "min_signal_strength": 0.5,
    "name": "final_backtest",
    "pivot_lookback": 3,
    "signal_lookback": 1
  }
}