{
  "execution_info": {
    "duration_ms": 5
  },
  "performance": {
    "final_balance": 10829.769633165071,
    "losing_trades": 9,
    "max_drawdown": 0.007070624217443186,
    "profit_factor": 4.882783350331463,
    "risk_reward_ratio": 1.757802006119327,
    "sharpe_ratio": 13.403388420698134,
    "sortino_ratio": -55.449746783873415,
    "total_profit": 829.7696331650718,
    "total_trades": 34,
    "win_rate": 0.7352941176470589,
    "winning_trades": 25
  },
  "strategy_config": {
    "fib_initial": 0.382,
    "fib_limit1": 0.786,
    "fib_limit2": 1.0,
    "fib_sl": 0.5,
    "fib_threshold": 608.788407821229,
    "fib_tp": 1.0,
    "initial_balance": 10000.0,
    "leverage": 50.0,
    "max_risk_per_trade": 0.02,
    "pivot_lookback": 5,
    "signal_lookback": 1
  }
}