{
  "execution_info": {
    "duration_ms": 11
  },
  "performance": {
    "final_balance": 122.77175579272959,
    "losing_trades": 24,
    "max_drawdown": 0.045963705962922055,
    "profit_factor": 1.6663624306822988,
    "risk_reward_ratio": 0.6450435215544382,
    "sharpe_ratio": 0.0,
    "sortino_ratio": 0.0,
    "total_profit": 22.771755792729593,
    "total_trades": 86,
    "win_rate": 0.7209302325581395,
    "winning_trades": 62
  },
  "strategy_config": {
    "fib_initial": 0.5,
    "fib_limit1": 0.786,
    "fib_limit2": 1.0,
    "fib_sl": 0.5,
    "fib_threshold": 0.0018260727699530486,
    "fib_tp": 1.618,
    "initial_balance": 100.0,
    "leverage": 10.0,
    "max_risk_per_trade": 0.02,
    "min_signal_strength": 0.5,
    "name": "final_backtest",
    "pivot_lookback": 2,
    "signal_lookback": 1
  }
}