{
  "execution_info": {
    "duration_ms": 9
  },
  "performance": {
    "final_balance": 167.69582764251018,
    "losing_trades": 32,
    "max_drawdown": 0.07151394521006733,
    "profit_factor": 1.9253923809138056,
    "risk_reward_ratio": 0.7423199540872503,
    "sharpe_ratio": 0.0,
    "sortino_ratio": 0.0,
    "total_profit": 67.69582764251018,
    "total_trades": 115,
    "win_rate": 0.7217391304347827,
    "winning_trades": 83
  },
  "strategy_config": {
    "fib_initial": 0.382,
    "fib_limit1": 0.618,
    "fib_limit2": 1.0,
    "fib_sl": 0.5,
    "fib_threshold": 0.008691963924477412,
    "fib_tp": 1.618,
    "initial_balance": 100.0,
    "leverage": 10.0,
    "max_risk_per_trade": 0.02,
    "min_signal_strength": 0.5,
    "name": "final_backtest",
    "pivot_lookback": 8,
    "signal_lookback": 1
  }
}