{
  "execution_info": {
    "duration_ms": 12
  },
  "performance": {
    "final_balance": 134.55532949595664,
    "losing_trades": 2,
    "max_drawdown": 0.03679694360507269,
    "profit_factor": 5.799049378787947,
    "risk_reward_ratio": 0.7732065838383929,
    "sharpe_ratio": 0.0,
    "sortino_ratio": 0.0,
    "total_profit": 34.555329495956656,
    "total_trades": 17,
    "win_rate": 0.8823529411764706,
    "winning_trades": 15
  },
  "strategy_config": {
    "fib_initial": 0.382,
    "fib_limit1": 0.618,
    "fib_limit2": 1.272,
    "fib_sl": 0.5,
    "fib_threshold": 0.1406037436548224,
    "fib_tp": 1.618,
    "initial_balance": 100.0,
    "leverage": 10.0,
    "max_risk_per_trade": 0.02,
    "min_signal_strength": 0.5,
    "name": "final_backtest",
    "pivot_lookback": 13,
    "signal_lookback": 1
  }
}