{
  "execution_info": {
    "duration_ms": 11
  },
  "performance": {
    "final_balance": 100.04129273790615,
    "losing_trades": 5,
    "max_drawdown": 0.00019238907791490354,
    "profit_factor": 1.8574573507165668,
    "risk_reward_ratio": 1.5478811255971392,
    "sharpe_ratio": 0.0,
    "sortino_ratio": 0.0,
    "total_profit": 0.041292737906141845,
    "total_trades": 11,
    "win_rate": 0.5454545454545454,
    "winning_trades": 6
  },
  "strategy_config": {
    "fib_initial": 0.5,
    "fib_limit1": 0.0,
    "fib_limit2": 0.618,
    "fib_sl": 1.618,
    "fib_threshold": 0.029104353632478645,
    "fib_tp": 1.414,
    "initial_balance": 100.0,
    "leverage": 5.0,
    "max_risk_per_trade": 0.02,
    "min_signal_strength": 0.5,
    "name": "final_backtest",
    "pivot_lookback": 13,
    "signal_lookback": 1
  }
}